Model,Mean_WMAE,Std_WMAE,Mean_MAE,Std_MAE,Mean_RMSE,Std_RMSE,Mean_R2,Std_R2,Mean_Train_Time
Random Forest,1535.2138939230745,13.887338679043348,1380.6197473654572,11.310999443187045,3310.4627141782066,135.34289078819137,0.9787256776335036,0.0016498954616028835,20.802816343307494
XGBoost,4065.683614097869,22.955315797359443,3900.7808380806628,22.725198284921902,6985.242135072341,51.00731368441287,0.9053875473097778,0.0014545385574048332,1.5876283168792724
