Model,Mean_WMAE,Std_WMAE,Mean_MAE,Std_MAE,Mean_RMSE,Std_RMSE,Mean_R2,Std_R2,Mean_Train_Time
XGBoost (Tuned),1246.9070860090285,8.061718493141663,1134.1198370889647,6.094621995103381,2511.513980057692,54.084060128022905,0.9877672631986446,0.0004550372554455,13.865989208221436
Random Forest (Untuned),1535.2138939230745,13.887338679043348,1380.6197473654574,11.31099944318712,3310.4627141782066,135.3428907881913,0.9787256776335036,0.0016498954616028,14.348426389694216
Random Forest (Tuned),1552.3775530492487,14.844574532890174,1360.9112096637425,8.721417431179583,3500.350153000082,84.05913289802103,0.976234977398607,0.0010392358835383,29.21804027557373
XGBoost (Untuned),4065.683614097869,22.955315797359443,3900.780838080663,22.725198284921905,6985.242135072341,51.00731368441287,0.9053875473097778,0.0014545385574048,1.0069547176361084
